{
  "bleu": 0.21498290224487404,
  "meteor": 0.5830373695287183,
  "chrf": 0.6869715241482075,
  "experiment": "rag-10"
}