name,bleu,meteor,chrf
rag-10,0.21498290224487404,0.5830373695287183,0.6869715241482075
