name,bleu,meteor,chrf
few-shot-10-rag-curriculum,0.001593499382189815,0.034452522900434615,0.19572827500817228
