name,bleu,meteor,chrf,comet
many-shot-all-mslg2spa,0.4058488026674504,0.6473895189001825,0.7370775305837916,0.9010199652777777
