name,bleu,meteor,chrf,comet
many-shot-all-mslg2spa,0.40960946625833694,0.6531328494071588,0.7371352308793069,
