{
  "bleu": 0.25023528561777725,
  "meteor": 0.5846724344402768,
  "chrf": 0.6799607304663103,
  "experiment": "many-shot-all"
}