{
  "bleu": 0.23739115172341513,
  "meteor": 0.57789332215269,
  "chrf": 0.6791178391502284,
  "experiment": "many-shot-all"
}