name,bleu,meteor,chrf
many-shot-all,0.25023528561777725,0.5846724344402768,0.6799607304663103
