name,bleu,meteor,chrf
many-shot-all,0.23739115172341513,0.57789332215269,0.6791178391502284
