name,bleu,meteor,chrf
few-shot-10-rag-curriculum,0.26760861432636257,0.5930149274962587,0.689560329821561
