{
  "bleu": 0.09137517056305035,
  "meteor": 0.5156182278495899,
  "chrf": 0.6393885255918907,
  "experiment": "zero-shot-cot",
  "total_time_seconds": 149.4
}