{
  "bleu": 0.18119544144395291,
  "meteor": 0.5866631079207949,
  "chrf": 0.6762236995319221,
  "experiment": "few-shot-10-diverse",
  "total_time_seconds": 345.4
}