name,bleu,meteor,chrf
zero-shot-rules,0.17990625880266406,0.5711737235376784,0.6654687038928132
few-shot-5-rules,0.1860110724225395,0.5761337408427539,0.6723375443928312
few-shot-10-curriculum,0.2237033114752397,0.6160179861765468,0.6896497574108754
few-shot-10-diverse,0.18119544144395291,0.5866631079207949,0.6762236995319221
few-shot-5-rag,0.20421251760289338,0.5849647057268064,0.6814295075986542
