name,bleu,meteor,chrf,comet
few-shot-10-rag-curriculum-mslg2spa,0.3704277373219612,0.6213377476597747,0.7165954324104167,0.8705485026041667
