name,bleu,meteor,chrf
fol-rag-7,0.150106672046204,0.48150536841569874,0.6210236267263316
fol-rag-10,0.1801326159711333,0.4949305339450858,0.6493475588282949
