{
  "bleu": 0.09795697992986493,
  "meteor": 0.4303871349891928,
  "chrf": 0.5821004000732877,
  "experiment": "few-shot-3",
  "total_time_seconds": 426.7
}