{
  "bleu": 0.1359105725653319,
  "meteor": 0.5116293686379937,
  "chrf": 0.6283298283715438,
  "experiment": "rag-7",
  "total_time_seconds": 498.1
}