{
  "bleu": 0.15899419442722873,
  "meteor": 0.49924799056088964,
  "chrf": 0.6238665350106001,
  "experiment": "rag-5",
  "total_time_seconds": 400.7
}