{
  "bleu": 0.13456980526572013,
  "meteor": 0.5157971392549372,
  "chrf": 0.6323060061243347,
  "experiment": "rag-7",
  "total_time_seconds": 392.3
}