{
  "bleu": 0.2043062020007329,
  "meteor": 0.5117066188630998,
  "chrf": 0.6365264461000972,
  "experiment": "rag-10",
  "total_time_seconds": 401.8
}