name,bleu,meteor,chrf
zero-shot,0.1291850432117815,0.4101926921471464,0.5832692352966697
few-shot-3,0.09795697992986493,0.4303871349891928,0.5821004000732877
few-shot-5,0.10350531740315616,0.4378446075560449,0.5896925719201013
few-shot-10,0.1210466518047399,0.45334832821571747,0.6063391634144915
few-shot-15,0.12199760070628073,0.4453183737083987,0.5979008486542613
rag-5,0.15899419442722873,0.49924799056088964,0.6238665350106001
rag-7,0.13456980526572013,0.5157971392549372,0.6323060061243347
rag-10,0.2043062020007329,0.5117066188630998,0.6365264461000972
