name,bleu,meteor,chrf
rag-curriculum-k8,0.24356538569467887,0.5898608871120777,0.6892077585233825
rag-curriculum-k10,0.2645464671302044,0.5969823719661679,0.6935384317292606
rag-curriculum-k12,0.2187687261936794,0.5894844914257547,0.6875177182602048
rag-curriculum-k15,0.2504508144071167,0.5787905876081132,0.6895841049615544
rag-curriculum-k10-sc3,0.26540387041917,0.5963538255760402,0.6936516751549163
