name,bleu,meteor,chrf
few-shot-10-rag-curriculum,0.1788190033176975,0.5258417641486152,0.6549953096780339
